{
	"@metadata": {
		"authors": [
			"Saosukham"
		]
	},
	"VARIABLES_DEFAULT_NAME": "ဢၼ်",
	"TODAY": "မိူဝ်ႈၼႆႉ",
	"DUPLICATE_BLOCK": "ထုတ်ႇ",
	"ADD_COMMENT": "သႂ်ႇၶေႃႈၵႂၢမ်း",
	"REMOVE_COMMENT": "ဢဝ်ဢွၵ်ႇ ၶေႃႈၵႂၢမ်း",
	"EXTERNAL_INPUTS": "ၶိူင်ႈဢၼ်လုၵ်ႉတၢင်းၼွၵ်ႈၶဝ်ႈမႃး",
	"INLINE_INPUTS": "ၶိူင်ႈဢၼ်ၶဝ်ႈမႃးၸွမ်းလႅင်း",
	"DELETE_BLOCK": "မွတ်ႇပလွၵ်ႉ",
	"DELETE_X_BLOCKS": "မွတ်ႇပလွၵ်ႉ %1",
	"COLLAPSE_BLOCK": "ပလွၵ်ႉလႅဝ်",
	"COLLAPSE_ALL": "ပလွၵ်ႉတင်းၼမ် လႅဝ်",
	"EXPAND_BLOCK": "ၶႂၢၵ်ႈပလွၵ်ႉ",
	"EXPAND_ALL": "ၶႂၢၵ်ႈပလွၵ်ႉတင်းၼမ်",
	"DISABLE_BLOCK": "ဢမ်ႇၸၢင်ႈပလွၵ်ႉ",
	"ENABLE_BLOCK": "ၵမ်ႉထႅမ်ပၼ် ပလွၵ်ႉ",
	"HELP": "ၸွႆႈထႅမ်",
	"CHANGE_VALUE_TITLE": "လႅၵ်ႈလၢႆႈၼမ်ႉၵတ်ႉ",
	"NEW_VARIABLE": "လၢႆႈဢၼ်မႂ်ႇ",
	"NEW_VARIABLE_TITLE": "ၸိုဝ်ႈဢၼ်လၢႆႈမႂ်ႇ",
	"RENAME_VARIABLE": "လိုမ်ႉၶိုၼ်း ဢၼ်လၢႆႈမႂ်ႇ",
	"RENAME_VARIABLE_TITLE": "လိုမ်ႉၶိုၼ်း ဢၼ်လၢႆႈမႂ်ႇၸိူဝ်းၼၼ်ႉ '%1' ထိုင်",
	"COLOUR_PICKER_HELPURL": "https://en.wikipedia.org/wiki/Color သီ",
	"COLOUR_PICKER_TOOLTIP": "လိူၵ်ႈသီ တမ်ႈတီႈ ၽႃးလႅတ်ႉ",
	"COLOUR_RANDOM_TITLE": "သီလၢမ်းလိမ်း",
	"COLOUR_RANDOM_TOOLTIP": "လိူၵ်ႈသီတမ်ႈတီႈလွၵ်းလၢမ်းလိမ်း",
	"COLOUR_RGB_TITLE": "ႁူမ်ႈၵိုၵ်းသီ",
	"COLOUR_RGB_RED": "လီင်",
	"COLOUR_RGB_GREEN": "ၶဵဝ်",
	"COLOUR_RGB_BLUE": "သွမ်ႇ",
	"COLOUR_RGB_TOOLTIP": "ႁဵတ်းတူၺ်း သီဢၼ်ၼိုင်ႈ ၸွမ်းၼင်ႇမၵ်းမၼ်ႈဝႆႉ ၼႂ်းၶႂၢင်ႇ သီလႅင်, ၶဵဝ် လႄႈ သွမ်ႇ။ ၼမ်ႉၼၵ်းသီ တေလႆႈမီးၼႂ်းဝူင်ႈၵၢင် 0 တေႃႇ 100.",
	"COLOUR_BLEND_TITLE": "လေႃးလႄး",
	"COLOUR_BLEND_COLOUR1": "သီ 1",
	"COLOUR_BLEND_COLOUR2": "သီ 2",
	"COLOUR_BLEND_RATIO": "သႅၼ်း",
	"COLOUR_BLEND_TOOLTIP": "ဢဝ်သီသွင်ဢၼ်လေႃးၵၼ် ၸွမ်းၼမ် သႅၼ်းဢၼ်ပၼ်ဝႆႉ (0.0 - 1.0).",
	"CONTROLS_REPEAT_HELPURL": "https://en.wikipedia.org/wiki/For_loop တႃႇတူင်ႇမူၼ်း",
	"CONTROLS_REPEAT_TITLE": "ပၼ်ႇၶိုၼ်း %1 ၵမ်း",
	"CONTROLS_REPEAT_INPUT_DO": "ႁဵတ်း",
	"CONTROLS_REPEAT_TOOLTIP": "ႁဵတ်းၶေႃႈၵဵပ်းထွၼ်ၵမ်ႈၽွင်ႈ တင်းၼမ်",
	"CONTROLS_WHILEUNTIL_OPERATOR_WHILE": "ၶၢဝ်းတိုၵ်ႉလိုမ်ႉ",
	"CONTROLS_WHILEUNTIL_OPERATOR_UNTIL": "တိုၵ်ႉလိုမ်ႉထိုင်",
	"CONTROLS_WHILEUNTIL_TOOLTIP_WHILE": "ပေႃးဝႃႈ ၵႃႈၶၼ် (ၼမ်ႉၵတ်ႉ) မၢၼ်ႇမႅၼ်ႈယဝ်ႉၸိုင် ႁဵတ်းၶေႃႈၵဵပ်းထွၼ်ၵမ်ႈၽွင်ႈ",
	"CONTROLS_WHILEUNTIL_TOOLTIP_UNTIL": "ပေႃးဝႃႈ ၵႃႈၶၼ် (ၼမ်ႉၵတ်ႉ) ဢမ်ႇမၢၼ်ႇမႅၼ်ႈၸိုင် ႁဵတ်းၶေႃႈၵဵပ်းထွၼ် ၵမ်ႈၽွင်ႈ",
	"CONTROLS_FOR_TITLE": "တႄႇဢၢၼ်ႇၵိုၵ်း %1 တေႃႇ %2 တေႃႇ %3 လူၺ်ႈ %4",
	"CONTROLS_FOREACH_TITLE": "တႃႇၵူႈဢၼ်ဢၼ် ၼႂ်း %1 သဵၼ်ႈမၢႆ %2",
	"CONTROLS_FLOW_STATEMENTS_OPERATOR_BREAK": "ဢွၵ်ႇတီႈၶွပ်ႇမူၼ်း",
	"CONTROLS_FLOW_STATEMENTS_OPERATOR_CONTINUE": "သိုပ်ႇပၼ်ႇထႅင်ႈ ၶွပ်ႇမူၼ်းတၢင်ႇဢၼ်",
	"CONTROLS_FLOW_STATEMENTS_TOOLTIP_BREAK": "ၵိုတ်းပႅတ်ႈ ၶွပ်ႇမူၼ်း ဢၼ်မီးဝႆႉ",
	"CONTROLS_FLOW_STATEMENTS_TOOLTIP_CONTINUE": "ဝဵၼ်ႉဝႆႉ ၶွပ်ႇမူၼ်း ဢၼ်ၵိုတ်းၸိူဝ်ႈဝႆႉ, သေ သိုပ်ႇထႅင်ႈတၢင်ႇဢၼ်",
	"CONTROLS_FLOW_STATEMENTS_WARNING": "ၾၢင်ႉ: ပလွၵ်ႉဢၼ်ၼႆႉ ၵူၺ်းၸႂ်ႉလူၺ်ႈတႃႇ ၶွပ်ႇမူၼ်းၵူၺ်း",
	"CONTROLS_IF_TOOLTIP_1": "ပေႃးဝႃႈ ၵႃႈၶၼ် (ၼမ်ႉၵတ်ႉ) မၢၼ်ႇမႅၼ်ႈယဝ်ႉၸိုင် ႁဵတ်းၶေႃႈၵဵပ်းထွၼ်ၵမ်ႈၽွင်ႈ",
	"CONTROLS_IF_TOOLTIP_2": "သင်ဝႃႈ ၵႃႈၶၼ်(ၼမ်ႉၵတ်ႉ)မၢၼ်ႇမႅၼ်ႈၸိုင် ႁဵတ်းပလွၵ်ႉဢွၼ်တၢင်းသုတ်း တီႈၼႂ်းၶေႃႈၵဵပ်းထွၼ်တ။ လိူဝ်သေၼၼ်ႉ ႁဵတ်းပႅတ်ႈ ပလွၵ်ႉသွင် တီႈၼႂ်းၶေႃႈၵဵပ်းထွၼ်",
	"CONTROLS_IF_TOOLTIP_3": "သင်ဝႃႈ ၵႃႈၶၼ်(ၼမ်ႉၵတ်ႉ)မၢႉၼိုင်ႈ မၢၼ်ႇမႅၼ်ႈၸိုင် ႁဵတ်းပလွၵ်ႉဢွၼ်တၢင်းသုတ်း တီႈၼႂ်းၶေႃႈၵဵပ်းထွၼ်တ။ သင်ဝႃႈ ၵႃႈၶၼ်(ၼမ်ႉၵတ်ႉ)မၢႆသွင်မၢၼ်ႇမႅၼ်ႈၸိုင်  ႁဵတ်းပႅတ်ႈ ပလွၵ်ႉသွင် တီႈၼႂ်းၶေႃႈၵဵပ်းထွၼ်",
	"CONTROLS_IF_TOOLTIP_4": "သင်ဝႃႈ ၵႃႈၶၼ်(ၼမ်ႉၵတ်ႉ)မၢႆၼိုင်ႈ မၢၼ်ႇမႅၼ်ႈၸိုင် ႁဵတ်းပလွၵ်ႉဢွၼ်တၢင်းသုတ်း တီႈၼႂ်းၶေႃႈၵဵပ်းထွၼ်တ။ လိူဝ်သေၼၼ်ႉ, သင်ဝႃႈ ၵႃႈၶၼ် (ၼမ်ႉၵတ်ႉ) မၢႆသွင် မၢၼ်ႇမႅၼ်ႈၸိုင် ႁဵတ်းပႅတ်ႈ ပလွၵ်ႉသွင် တီႈၼႂ်းၶေႃႈၵဵပ်းထွၼ်တ။ သင်ဝႃႈ ၵႃႈၶၼ်(ၼမ်ႉၵတ်ႉ) ဢမ်ႇမီးလွင်ႈမၢၼ်ႇမႅၼ်ႈ သင်ၸိုင် ႁဵတ်းပႅတ်ႈပလွၵ်ႉ ၵမ်းလိုမ်း တီႈၼႂ်းၶေႃႈၵဵပ်းထွၼ်တ။",
	"CONTROLS_IF_MSG_IF": "သင်ဝႃႈ",
	"CONTROLS_IF_MSG_ELSEIF": "သင်ဝႃႈ လိူဝ်သေၼၼ်ႉ",
	"CONTROLS_IF_MSG_ELSE": "လိူဝ်သေၼၼ်ႉ",
	"CONTROLS_IF_ELSEIF_TOOLTIP": "သင်ဝႃႈ ပလွၵ်ႉၸိုင် သႂ်ႇပၼ်လွင်ႈတၢင်းမၼ်း တမ်ႈ",
	"CONTROLS_IF_ELSE_TOOLTIP": "သႂ်ႇၵမ်းလိုၼ်း, သင်ဝႃႈ ပလွၵ်ႉၸိုင် ဢဝ်လွင်ႈတၢင်းမၼ်းတင်းသဵင်ႈ တမ်ႈ",
	"LOGIC_COMPARE_HELPURL": "https://en.wikipedia.org/wiki/Inequality_(ပၢႆးၼပ်ႉ)",
	"LOGIC_COMPARE_TOOLTIP_EQ": "သင်ဝႃႈ ဢၼ်ၽိူမ်ႉသႂ်ႇ တင်းသွင် မိူၼ်တၢင်ႇဢၼ်ၸိုင် မႄးၶိုၼ်း ႁႂ်ႈမၢၼ်ႇမႅၼ်ႈ",
	"LOGIC_COMPARE_TOOLTIP_NEQ": "သင်ဝႃႈ ဢၼ်ၽိူမ်ႉသႂ်ႇ တင်းသွင် ဢမ်ႇမိူၼ်တၢင်ႇဢၼ်ၸိုင် မႄးၶိုၼ်း ႁႂ်ႈမၢၼ်ႇမႅၼ်ႈ",
	"LOGIC_COMPARE_TOOLTIP_LT": "သင်ဝႃႈ ဢၼ်ၽိူမ်ႉသႂ်ႇ ဢွၼ်တၢင်း မိူၼ် ဢၼ်ၽိူမ်ႉသႂ်ႇ မၢႆသွင်ၸိုင် မႄးၶိုၼ်း ႁႂ်ႈမၢၼ်ႇမႅၼ်ႈ",
	"LOGIC_COMPARE_TOOLTIP_LTE": "သင်ဝႃႈ ဢၼ်ၽိူမ်ႉသႂ်ႇ ဢွၼ်တၢင်း မိူၼ် ဢမ်ႇၼၼ် ၽဵင်ႇပဵင်း ဢၼ်ၽိူမ်ႉသႂ်ႇ မၢႆသွင်ၸိုင် မႄးၶိုၼ်း ႁႂ်ႈမၢၼ်ႇမႅၼ်ႈ",
	"LOGIC_COMPARE_TOOLTIP_GT": "သင်ဝႃႈ ဢၼ်ၽိူမ်ႉသႂ်ႇ ဢွၼ်တၢင်း ယႂ်ႇလိူဝ် ဢၼ်ၽိူမ်ႉသႂ်ႇ မၢႆသွင်ၸိုင် မႄးၶိုၼ်း ႁႂ်ႈမၢၼ်ႇမႅၼ်ႈ",
	"LOGIC_COMPARE_TOOLTIP_GTE": "သင်ဝႃႈ ဢၼ်ၽိူမ်ႉသႂ်ႇ ဢွၼ်တၢင်း ယႂ်ႇလိူဝ် ဢမ်ႇၼၼ် ၽဵင်ႇပဵင်း ဢၼ်ၽိူမ်ႉသႂ်ႇ မၢႆသွင်ၸိုင် မႄးၶိုၼ်း ႁႂ်ႈမၢၼ်ႇမႅၼ်ႈ",
	"LOGIC_OPERATION_TOOLTIP_AND": "သင်ဝႃႈ ဢၼ်ၽိူမ်ႉသႂ်ႇ တင်းသွင်ဢၼ် မၢၼ်ႇမႅၼ်ႈၸိုင်ၸိုင် မႄးၶိုၼ်း ႁႂ်ႈမၢၼ်ႇမႅၼ်ႈ",
	"LOGIC_OPERATION_AND": "လႄႈ",
	"LOGIC_OPERATION_TOOLTIP_OR": "သင်ဝႃႈ ဢၼ်ၽိူမ်ႉသႂ်ႇ ၵမ်းလိုၼ်းသုတ်း မၢၼ်ႇမႅၼ်ႈၸိုင် မႄးၶိုၼ်း ႁႂ်ႈမၢၼ်ႇမႅၼ်ႈ",
	"LOGIC_OPERATION_OR": "ဢမ်ႇၼၼ်",
	"LOGIC_NEGATE_TITLE": "ဢမ်ႇၸႂ်ႈ %1",
	"LOGIC_NEGATE_TOOLTIP": "သင်ဝႃႈ ဢၼ်ၽိူမ်ႉသႂ်ႇ ဢမ်ႇၼႅၼ်ႈၼႃၸိုင် မႄးၶိုၼ်း ႁႂ်ႈမၢၼ်ႇမႅၼ်ႈ။ သင်ဝႃႈ ဢၼ်ၽိူမ်ႉသႂ်ႇ မၢၼ်ႇမႅၼ်ႈၸိုင် ၶိုၼ်းမူၼ်ႉမႄး ႁႂ်ႈၼႅၼ်ႈၼႃ",
	"LOGIC_BOOLEAN_TRUE": "မၢၼ်ႇမႅၼ်ႈ",
	"LOGIC_BOOLEAN_FALSE": "ဢမ်ႇၼႅၼ်ႈၼႃ",
	"LOGIC_BOOLEAN_TOOLTIP": "မၢၼ်ႇမႅၼ်ႈလႄႈသင် ဢမ်ႇၼႅၼ်ႈၼႃလႄႈသင် ႁူၼ်ၶိုၼ်း",
	"LOGIC_NULL": "ဢမ်ႇၶဝ်ႈၶႂၢင်ႇ",
	"LOGIC_NULL_TOOLTIP": "လဵဝ်ၶိုၼ်း ဢမ်ႇၶဝ်ႈၶႂၢင်ႇ",
	"LOGIC_TERNARY_CONDITION": "ၸၢမ်း",
	"LOGIC_TERNARY_IF_TRUE": "သင်ဝႃႈ မၢၼ်ႇမႅၼ်ႈ",
	"LOGIC_TERNARY_IF_FALSE": "သင်ဝႃႈ ဢမ်ႇၼႅၼ်ႈၼႃ",
	"LOGIC_TERNARY_TOOLTIP": "ၸၢမ်းၵူတ်ႇတူၺ်း သၢႆငၢႆ။ သင်ဝႃႈ သၢႆငၢႆမၢၼ်ႇမႅၼ်ႈ, လဵဝ်ၶိုၼ်း ၵႃႈၶၼ် (ၼမ်ႉၵတ်ႉ) 'သင်မၢၼ်ႇမႅၼ်ႈ'; လိူဝ်ၼၼ်ႉ လဵဝ်ၶိုၼ်း ၵႃႈၶၼ် (ၼမ်ႉၵတ်ႉ) 'သင်ဢမ်ႇၼႅၼ်ႈၼႃ'။",
	"MATH_NUMBER_HELPURL": "https://en.wikipedia.org/wiki/မၢႆၼပ်ႉ",
	"MATH_NUMBER_TOOLTIP": "မၢႆၼပ်ႉ ၼိုင်ႈဢၼ်",
	"MATH_ARITHMETIC_HELPURL": "https://en.wikipedia.org/wiki/ပၢႆးၼပ်ႉ",
	"MATH_ARITHMETIC_TOOLTIP_ADD": "လဵဝ်ၶိုၼ်း တၢင်းၼမ် ၼႂ်းမၢႆၼပ်ႉ သွင်",
	"MATH_ARITHMETIC_TOOLTIP_MINUS": "လဵဝ်ၶိုၼ်း ဢၼ်ပႅၵ်ႇပိူင်ႈ ၼႂ်းမၢႆၼပ်ႉ သွင်",
	"MATH_ARITHMETIC_TOOLTIP_MULTIPLY": "လဵဝ်ၶိုၼ်း ဢၼ်ဢဝ်ဢွၵ်ႇ ၼႂ်းမၢႆၼပ်ႉ သွင်",
	"MATH_ARITHMETIC_TOOLTIP_DIVIDE": "လဵဝ်ၶိုၼ်း ပမႃႇၼ ၼႂ်းမၢႆၼပ်ႉ သွင်",
	"MATH_ARITHMETIC_TOOLTIP_POWER": "လဵဝ်ၶိုၼ်း တူဝ်ၼပ်ႉမၢႆၼိုင်ႈၼႆႉ ၸွႆႈႁႅင်းပၼ် တူဝ်ၼပ်ႉမၢႆသွင်",
	"MATH_SINGLE_HELPURL": "https://en.wikipedia.org/wiki/Square_root (မၢႆတူပ်ႉမိူၼ်)",
	"MATH_SINGLE_OP_ROOT": "မၢႆတူပ်ႉမိူၼ်",
	"MATH_SINGLE_TOOLTIP_ROOT": "လဵဝ်ၶိုၼ်း မၢႆတူပ်ႉမိူၼ် ၼႂ်းမၢႆၼပ်ႉ",
	"MATH_SINGLE_OP_ABSOLUTE": "ပၵတိ",
	"MATH_SINGLE_TOOLTIP_ABS": "လဵဝ်ၶိုၼ်း ၵႃႈၶၼ် (ၼမ်ႉၵတ်ႉ) ပၵတိ ၼႂ်းမၢႆၼပ်ႉ",
	"MATH_SINGLE_TOOLTIP_NEG": "လဵဝ်ၶိုၼ်း ဢၼ်သၢၼ်ၶတ်း ၼႂ်း မၢႆၼပ်ႉ",
	"MATH_SINGLE_TOOLTIP_LN": "လဵဝ်ၶိုၼ်း လွၵ်းလၢႆးၼပ်ႉ ၼႂ်းမၢႆၼပ်ႉ",
	"MATH_SINGLE_TOOLTIP_LOG10": "လဵဝ်ၶိုၼ်း ပိုၼ်ႉထၢၼ် 10 လွၵ်းလၢႆးၼပ်ႉ ၼႂ်းမၢႆၼပ်ႉ",
	"MATH_SINGLE_TOOLTIP_EXP": "လဵဝ်ၶိုၼ်း e ၵႂႃႇတီႈ ပႃႇဝႃႇ ၼႂ်းမၢႆၼပ်ႉ",
	"MATH_SINGLE_TOOLTIP_POW10": "လဵဝ်ၶိုၼ်း 10 ၵႂႃႇတီႈ ပႃႇဝႃႇ ၼႂ်းမၢႆၼပ်ႉ",
	"MATH_IS_EVEN": "ပဵၼ်ၵူပ်ႉ",
	"MATH_IS_ODD": "ပဵၼ်ၵိၵ်ႈ"
}
